{
  "best_model": "gradient_boosting",
  "best_preprocessing": "raw",
  "best_params": {
    "learning_rate": 0.1,
    "max_depth": 10,
    "max_features": "sqrt",
    "n_estimators": 200
  },
  "test_metrics": {
    "accuracy": 0.8271428571428572,
    "macro_precision": 0.82403615968959,
    "macro_recall": 0.8271428571428573,
    "macro_f1": 0.8235563180848903,
    "confusion_matrix": [
      [
        139,
        41,
        0,
        0,
        6,
        0,
        14
      ],
      [
        31,
        119,
        4,
        0,
        37,
        8,
        1
      ],
      [
        0,
        2,
        156,
        11,
        5,
        26,
        0
      ],
      [
        0,
        0,
        1,
        197,
        0,
        2,
        0
      ],
      [
        0,
        12,
        1,
        0,
        187,
        0,
        0
      ],
      [
        1,
        1,
        20,
        5,
        2,
        171,
        0
      ],
      [
        10,
        0,
        0,
        0,
        1,
        0,
        189
      ]
    ]
  },
  "classification_report": {
    "0": {
      "precision": 0.7679558011049724,
      "recall": 0.695,
      "f1-score": 0.7296587926509186,
      "support": 200.0
    },
    "1": {
      "precision": 0.68,
      "recall": 0.595,
      "f1-score": 0.6346666666666667,
      "support": 200.0
    },
    "2": {
      "precision": 0.8571428571428571,
      "recall": 0.78,
      "f1-score": 0.8167539267015707,
      "support": 200.0
    },
    "3": {
      "precision": 0.9248826291079812,
      "recall": 0.985,
      "f1-score": 0.9539951573849879,
      "support": 200.0
    },
    "4": {
      "precision": 0.7857142857142857,
      "recall": 0.935,
      "f1-score": 0.8538812785388128,
      "support": 200.0
    },
    "5": {
      "precision": 0.8260869565217391,
      "recall": 0.855,
      "f1-score": 0.8402948402948403,
      "support": 200.0
    },
    "6": {
      "precision": 0.9264705882352942,
      "recall": 0.945,
      "f1-score": 0.9356435643564357,
      "support": 200.0
    },
    "accuracy": 0.8271428571428572,
    "macro avg": {
      "precision": 0.82403615968959,
      "recall": 0.8271428571428573,
      "f1-score": 0.8235563180848903,
      "support": 1400.0
    },
    "weighted avg": {
      "precision": 0.8240361596895899,
      "recall": 0.8271428571428572,
      "f1-score": 0.8235563180848905,
      "support": 1400.0
    }
  }
}