{
  "best_model": "gradient_boosting",
  "best_preprocessing": "scaled",
  "best_params": {
    "learning_rate": 0.1,
    "max_depth": 5,
    "max_features": "sqrt",
    "n_estimators": 50
  },
  "test_metrics": {
    "accuracy": 0.8496732026143791,
    "precision": 0.8333333333333334,
    "recall": 0.990990990990991,
    "specificity": 0.47619047619047616,
    "f1": 0.9053497942386831,
    "confusion_matrix": [
      [
        20,
        22
      ],
      [
        1,
        110
      ]
    ],
    "roc_auc": 0.9375804375804375
  },
  "classification_report": {
    "0": {
      "precision": 0.9523809523809523,
      "recall": 0.47619047619047616,
      "f1-score": 0.6349206349206349,
      "support": 42.0
    },
    "1": {
      "precision": 0.8333333333333334,
      "recall": 0.990990990990991,
      "f1-score": 0.9053497942386831,
      "support": 111.0
    },
    "accuracy": 0.8496732026143791,
    "macro avg": {
      "precision": 0.8928571428571428,
      "recall": 0.7335907335907336,
      "f1-score": 0.7701352145796589,
      "support": 153.0
    },
    "weighted avg": {
      "precision": 0.8660130718954249,
      "recall": 0.8496732026143791,
      "f1-score": 0.8311143387396109,
      "support": 153.0
    }
  }
}